Name,Province,Constituency,Party,Oath Taking Date
Mr. Abdul Latif,Khyber Pukhtunkhwa,NA-1(Chitral Upper-cum-Chitral Lower),SIC,2024-02-29
Mr. Amjad Ali Khan,Khyber Pukhtunkhwa,NA-2(Swat-I),SIC,2024-02-29
Mr. Saleem Rehman,Khyber Pukhtunkhwa,NA-3(Swat-II),SIC,2024-02-29
Mr. Sohail Sultan,Khyber Pukhtunkhwa,NA-4(Swat-III),SIC,2024-02-29
Sahibzada Sibghatullah,Khyber Pukhtunkhwa,NA-5(Upper Dir),SIC,2024-02-29
Mr. Muhammad Bashir Khan,Khyber Pukhtunkhwa,NA-6(Lower Dir-I),SIC,2024-02-29
Mr. Mehboob Shah,Khyber Pukhtunkhwa,NA-7(Lower Dir-II),SIC,2024-02-29
Mr. Mubarak Zeb,Khyber Pukhtunkhwa,NA-8(Bajaur),IND,2024-05-13
Mr. Junaid Akbar,Khyber Pukhtunkhwa,NA-9(Malakand),SIC,2024-02-29
Mr.  Gohar Ali Khan,Khyber Pukhtunkhwa,NA-10(Buner),IND,2024-02-29
Mr. Amir Muqam,Khyber Pukhtunkhwa,NA-11(Shangla),PML (N),2024-02-29
Mr. Muhammad Idrees,Khyber Pukhtunkhwa,NA-12(Kohistan-cum-Lower Kohistan-cum-Kolai Pallas Kohistan),PML (N),2024-02-29
Mr. Muhammad Nawaz Khan,Khyber Pukhtunkhwa,NA-13(Battagram),SIC,2024-02-29
Sardar Muhammad Yousaf Zaman,Khyber Pukhtunkhwa,NA-14(Mansehra-I),PML (N),2024-02-29
Mr. Shahzada Muhammad Gushtasap Khan,Khyber Pukhtunkhwa,NA-15(Mansehra-cum-Torghar),SIC,2024-03-01
Mr. Ali Asghar Khan,Khyber Pukhtunkhwa,NA-16(Abbottabad-I),IND,2024-02-29
Mr. Ali Khan Jadoon,Khyber Pukhtunkhwa,NA-17(Abbottabad-II),SIC,2024-02-29
Mr. Omar Ayub Khan,Khyber Pukhtunkhwa,NA-18(Haripur),IND,2024-02-29
Mr. Asad Qaiser,Khyber Pukhtunkhwa,NA-19(Swabi-I),SIC,2024-02-29
Mr. Shahram Khan,Khyber Pukhtunkhwa,NA-20(Swabi-II),SIC,2024-02-29
Mr. Mujahid Ali,Khyber Pukhtunkhwa,NA-21(Mardan-I),SIC,2024-02-29
Mr. Muhammad Atif,Khyber Pukhtunkhwa,NA-22(Mardan-II),SIC,2024-02-29
Mr.  Ali Muhammad Khan,Khyber Pukhtunkhwa,NA-23(Mardan-III),SIC,2024-02-29
Malik Anwar Taj,Khyber Pukhtunkhwa,NA-24(Charsadda-I),SIC,2024-02-29
Mr. Fazal Muhammad Khan,Khyber Pukhtunkhwa,NA-25(Charsadda-II),SIC,2024-02-29
Mr. Sajid Khan,Khyber Pukhtunkhwa,NA-26(Mohmand),SIC,2024-02-29
Mr. Muhammad Iqbal Khan,Khyber Pukhtunkhwa,NA-27(Khyber),SIC,2024-02-29
Mr. Noor Alam Khan,Khyber Pukhtunkhwa,NA-28(Peshawar-I),JUI (P),2024-02-29
Mr. Arbab Amir Ayub,Khyber Pukhtunkhwa,NA-29(Peshawar-II),SIC,2024-02-29
Ms.  Shandana Gulzar Khan,Khyber Pukhtunkhwa,NA-30(Peshawar-III),SIC,2024-02-29
Mr. Sher Ali Arbab,Khyber Pukhtunkhwa,NA-31(Peshawar-IV),SIC,2024-02-29
Mr.  Asif Khan,Khyber Pukhtunkhwa,NA-32(Peshawar-V),SIC,2024-02-29
Syed Shah Ahad Ali Shah,Khyber Pukhtunkhwa,NA-33(Nowshera-I),SIC,2024-02-29
Mr.  Zulfiqar Ali,Khyber Pukhtunkhwa,NA-34(Nowshera-II),SIC,2024-02-29
Mr.  Shehryar Khan Afridi,Khyber Pukhtunkhwa,NA-35(Kohat),SIC,2024-02-29
Mr.  Yousaf Khan,Khyber Pukhtunkhwa,NA-36(Hangu-cum-Orakzai),SIC,2024-02-29
Mr.  Hameed Hussain,Khyber Pukhtunkhwa,NA-37(Kurram),MWMP,2024-02-29
Mr.  Shahid Ahmed,Khyber Pukhtunkhwa,NA-38(Karak),SIC,2024-02-29
Mr. Nasim Ali shah,Khyber Pukhtunkhwa,NA-39(Bannu),SIC,2024-02-29
Mr.  Misbah Uddin,Khyber Pukhtunkhwa,NA-40(North Waziristan),JUI (P),2024-02-29
Mr.  Sher Afzal Khan,Khyber Pukhtunkhwa,NA-41(Laki Marwat),SIC,2024-02-29
Mr.  Zubair Khan,Khyber Pukhtunkhwa,NA-42(South Waziristan Upper-cum-South Waziristan Lower),SIC,2024-02-29
Mr. Dawar Khan Kundi,Khyber Pukhtunkhwa,NA-43(Tank-cum-Dera Ismail Khan),SIC,2024-02-29
Mr. Faisal Amin Khan,Khyber Pukhtunkhwa,NA-44(Dera Ismail Khan-I),SIC,2024-04-26
Mr.  Fateh Ullah Khan,Khyber Pukhtunkhwa,NA-45(Dera Ismail Khan-II),PPPP,2024-02-29
Mr.  Anjum Aqeel Khan,Federal,NA-46(ICT-I),PML (N),2024-02-29
Mr. Tariq Fazal Chudhary,Federal,NA-47(ICT-II),PML (N),2024-02-29
Raja Khurram Shahzad Nawaz,Federal,NA-48(ICT-II),PML (N),2024-02-29
Sheikh Aftab Ahmad,Punjab,NA-49(Attock-I),PML (N),2024-02-29
Malik Sohail Khan,Punjab,NA-50(Attock-II),PML (N),2024-02-29
Raja Osama Sarwar,Punjab,NA-51(Rawalpindi-cum-Murree),PML (N),2024-02-29
Raja Pervez Ashraf,Punjab,NA-52(Rawalpindi-I),PPPP,2024-02-29
Raja Qamar Ul Islam,Punjab,NA-53(Rawalpindi-II),PML (N),2024-02-29
Mr. Aqeel Malik,Punjab,NA-54(Rawalpindi-III),PML (N),2024-02-29
Mr.  Ibrar Ahmed,Punjab,NA-55(Rawalpindi-IV),PML (N),2024-02-29
Mr.  Muhammad Hanif Abbasi,Punjab,NA-56(Rawalpindi-V),PML (N),2024-02-29
Mr. Danyal Chaudhary,Punjab,NA-57(Rawalpindi-VI),PML (N),2024-02-29
Maj. (R) Tahir Iqbal,Punjab,NA-58(Chakwal),PML (N),2024-02-29
Sardar Ghulam Abbas,Punjab,NA-59(Talagang-cum-Chakwal),PML (N),2024-02-29
Mr.  Bilal Azhar Kayani,Punjab,NA-60(Jhelum-I),PML (N),2024-02-29
Chaudhary Farrukh Altaf,Punjab,NA-61(Jhelum-II),PML (N),2024-02-29
Mr.  Mohammad Ilyas Choudhary,Punjab,NA-62(Gujrat-I),PML,2024-02-29
Mr. Hussain Ellahi,Punjab,NA-63(Gujrat-II),PML,2024-02-29
Chaudhry Salik Hussain,Punjab,NA-64(Gujrat-III),PML,2024-02-29
Choudhary Naseer Ahmed Abbas,Punjab,NA-65(Gujrat-IV),PML (N),2024-02-29
Mohammad Ahmed Chattha,Punjab,NA-66(Wazirabad),SIC,2024-02-29
Ms. Aniqa Mehdi,Punjab,NA-67(Hafizabad),SIC,2024-02-29
Haji Imtiaz Ahmad Choudhry,Punjab,NA-68(Mandi Bahauddin-I),SIC,2024-02-29
Mr. Nasir Iqbal Bosal,Punjab,NA-69(Mandi Bahauddin-II),PML (N),2024-02-29
Chaudhry Armghan Subhani,Punjab,NA-70(Sialkot-I),PML (N),2024-02-29
Khawaja Muhammad Asif,Punjab,NA-71(Sialkot-II),PML (N),2024-02-29
Mr. Ali Zahid,Punjab,NA-72(Sialkot-III),PML (N),2024-02-29
Syeda Nosheen Iftikhar,Punjab,NA-73(Sialkot-IV),PML (N),2024-02-29
Mr. Muhammad Aslam Ghumman,Punjab,NA-74(Sialkot-V),IND,2024-02-29
Mr. Anwar-ul-Haq Chaudhary,Punjab,NA-75(Narowal-I),PML (N),2024-02-29
Mr. Ahsan Iqbal Chaudhary,Punjab,NA-76(Narowal-II),PML (N),2024-02-29
Chaudhry Mahmood Bashir Virk,Punjab,NA-77(Gujranwala-I),PML (N),2024-02-29
Mr.  Muhammad Mobeen Arif,Punjab,NA-78(Gujranwala-II),SIC,2024-02-29
Mr. Zulfiqar Ahmad,Punjab,NA-79(Gujranwala-III),PML (N),2024-09-02
Mr. Shahid Usman,Punjab,NA-80(Gujranwala-IV),PML (N),2024-02-29
Mr. Azhar Qayyum Nahra,Punjab,NA-81(Gujranwala-V),PML (N),2024-04-01
Mr. Mukhtar Ahmad Malik,Punjab,NA-82(Sargodha-I),PML (N),2024-02-29
Mr. Usama Ahmed Mela,Punjab,NA-83(Sargodha-II),SIC,2024-02-29
Mr. Shafqat Abbas,Punjab,NA-84(Sargodha-III),SIC,2024-02-29
Mr.  Zulfiqar Ali Bhatti,Punjab,NA-85(Sargodha-IV),PML (N),2024-02-29
Mr.  Muhammad Miqdad Ali Khan,Punjab,NA-86(Sargodha-V),SIC,2024-02-29
Malik Shakir Bashir Awan,Punjab,NA-87(Khushab-I),PML (N),2024-02-29
Mr.  Gul Asghar Khan,Punjab,NA-88(Khushab-II),IPP,2024-02-29
Mr. Muhammad Jamal Ahsan Khan,Punjab,NA-89(Mianwali-I),SIC,2024-02-29
Mr.  Umair Khan Niazi,Punjab,NA-90(Mianwali-II),SIC,2024-02-29
Mr. Sana Ullah Khan Mastikhel,Punjab,NA-91(Bhakkar-I),SIC,2024-02-29
Sardar Rashid Akbar Khan,Punjab,NA-92(Bhakkar-II),PML (N),2024-02-29
Mr.  Ghulam Muhammad,Punjab,NA-93(Chiniot-I),SIC,2024-02-29
Mr.  Qaiser Ahmed Sheikh,Punjab,NA-94(Chiniot-II),PML (N),2024-02-29
Mr. Ali Afzal Sahi,Punjab,NA-95(Faisalabad-I),SIC,2024-02-29
Rai Haider Ali Khan,Punjab,NA-96(Faisalabad-II),SIC,2024-02-29
Mr.  Muhammad Saad Ullah,Punjab,NA-97(Faisalabad-III),SIC,2024-02-29
Ch. Muhammad Shahbaz Babar,Punjab,NA-98(Faisalabad-IV),PML (N),2024-02-29
Mr.  Umar Farooq,Punjab,NA-99(Faisalabad-V),SIC,2024-02-29
Mr. Nisar Ahmed,Punjab,NA-100(Faisalabad-VI),SIC,2024-02-29
Rana Atif,Punjab,NA-101(Faisalabad-VII),SIC,2024-02-29
Mr. Changaze Ahmad Khan,Punjab,NA-102(Faisalabad-VIII),SIC,2024-02-29
Mr.  Muhammad Ali Sarfraz,Punjab,NA-103(Faisalabad-IX),SIC,2024-02-29
Sahibzada Muhammad Hamid Raza,Punjab,NA-104(Faisalabad-X),SIC,2024-02-29
Mr. Usama Hamza,Punjab,NA-105(Toba Tek Singh-I),SIC,2024-02-29
Mr. M Junaid Anwar Chaudhry,Punjab,NA-106(Toba Tek Singh-II),PML (N),2024-02-29
Mr.  Mohammad Riaz Khan,Punjab,NA-107(Toba Tek Singh-III),SIC,2024-02-29
Muhammad Mahbob Sultan,Punjab,NA-108(Jhang-I),SIC,2024-02-29
Mr. Waqas Akram,Punjab,NA-109(Jhang-II),SIC,2024-02-29
Mr. Muhammad Ameer Sultan,Punjab,NA-110(Jhang-III),SIC,2024-02-29
Mr.  Muhammad Arshad Sahi,Punjab,NA-111(Nankana Sahib-I),SIC,2024-02-29
Dr. Shezra Mansab Ali Khan Kharal,Punjab,NA-112(Nankana Sahib-II),PML (N),2024-02-29
Mr.  Ahmad Atteeq Anwer,Punjab,NA-113(Sheikhupura-I),PML (N),2024-02-29
Rana Tanveer Hussain,Punjab,NA-114(Sheikhupura-II),PML (N),2024-02-29
Mr. Khurram Shahzad Virk,Punjab,NA-115(Sheikhupura-III),SIC,2024-02-29
Mr. Khurram Munawar Manj,Punjab,NA-116(Sheikhupura-IV),SIC,2024-02-29
Mr.  Abdul Aleem Khan,Punjab,NA-117(Lahore-I),IPP,2024-02-29
Mr. Muhammad Hamza Shahbaz Sharif,Punjab,NA-118(Lahore-II),PML (N),2024-02-29
Mr. Ali Pervaiz,Punjab,NA-119(Lahore-III),PML (N),2024-04-29
Sardar Ayaz Sadiq,Punjab,NA-120(Lahore-IV),PML (N),2024-02-29
Mr.  Waseem Qadir,Punjab,NA-121(Lahore-V),PML (N),2024-02-29
Sardar Muhammad Latif Khan Khosa,Punjab,NA-122(Lahore-VI),SIC,2024-02-29
Mian Muhammad Shehbaz Sharif,Punjab,NA-123(Lahore-VII),PML (N),2024-02-29
Rana Mubashar Iqbal,Punjab,NA-124(Lahore-VIII),PML (N),2024-02-29
Mr. Muhammad Afzal,Punjab,NA-125(Lahore-IX),PML (N),2024-02-29
Malik Saif-ul-Malook Khokhar,Punjab,NA-126(Lahore-X),PML (N),2024-02-29
Mr. Attaullah Tarar,Punjab,NA-127(Lahore-XI),PML (N),2024-02-29
Mr.  Mohammad Awn Saqlain,Punjab,NA-128(Lahore-XII),IPP,2024-02-29
Mian Muhammad Azhar,Punjab,NA-129(Lahore-XIII),SIC,2024-02-29
Mian Muhammad Nawaz Sharif,Punjab,NA-130(Lahore-XIV),PML (N),2024-02-29
Mr. Saad Waseem Sheikh,Punjab,NA-131(Kasur-I),PML (N),2024-02-29
Mr. Rasheed Ahmad Khan,Punjab,NA-132(Kasur-II),PML (N),2024-04-29
Mr. Azim-ud-Din Zahid,Punjab,NA-133(Kasur-III),SIC,2024-02-29
Rana Muhammad Hayat Khan,Punjab,NA-134(Kasur-IV),PML (N),2024-02-29
Mr.  Nadeem Abbas,Punjab,NA-135(Okara-I),PML (N),2024-02-29
Mr. Riaz Ul Haq,Punjab,NA-136(Okara-II),PML (N),2024-02-29
Syed Raza Ali Gillani,Punjab,NA-137(Okara-III),SIC,2024-02-29
Mr.  Muhammad Mueen Wattoo,Punjab,NA-138(Okara-IV),PML (N),2024-02-29
Mr. Ahmad Raza Maneka,Punjab,NA-139(Pakpattan-I),PML (N),2024-02-29
Rana Iradat Sharif Khan,Punjab,NA-140(Pakpattan-II),PML (N),2024-02-29
Syed Imran Ahmad Shah,Punjab,NA-141(Sahiwal-I),PML (N),2024-02-29
Mr. Usman Ali,Punjab,NA-142(Sahiwal-II),IND,2024-02-29
Rai Hassan Nawaz Khan,Punjab,NA-143(Sahiwal-III),SIC,2024-02-29
Mr. Muhammad Raza Hayat Harraj,Punjab,NA-144(Khanewal-I),PML (N),2024-02-29
Mr. Muhammad Khan Daha,Punjab,NA-145(Khanewal-II),PML (N),2024-02-29
Mr. Zahoor Hussain Qureshi,Punjab,NA-146(Khanewal-III),IND,2024-04-19
Choudhary Iftikhar Nazir,Punjab,NA-147(Khanewal-IV),PML (N),2024-02-29
Syed Ali Qasim Gillani,Punjab,NA-148(Multan-I),PPPP,2024-06-07
Malik Muhammad Aamir Dogar,Punjab,NA-149(Multan-II),SIC,2024-02-29
Makhdoom Zain Hussain Qureshi,Punjab,NA-150(Multan-III),SIC,2024-02-29
Syed Ali Musa Gilani,Punjab,NA-151(Multan-IV),PPPP,2024-02-29
Syed Abdul Kadir Gillani,Punjab,NA-152(Multan-V),PPPP,2024-02-29
Rana Muhammad Qasim Noon,Punjab,NA-153(Multan-VI),PML (N),2024-02-29
Mr. Abdul Rehman Khan Kanju,Punjab,NA-154(Lodhran-I),PML (N),2024-04-01
Mr.  Khan Muhammad Saddique Khan Balooch,Punjab,NA-155(Lodhran-II),PML (N),2024-02-29
Ms. Ayesha Nazir,Punjab,NA-156(Vehari-I),SIC,2024-02-29
Mr. Sajid Mehdi,Punjab,NA-157(Vehari-II),PML (N),2024-02-29
Begum Tehmina Daultana,Punjab,NA-158(Vehari-III),PML (N),2024-02-29
Mr. Aurangzeb Khan Khichi,Punjab,NA-159(Vehari-IV),IND,2024-02-29
Mr. Muhammad Abdul Ghaffar Watto,Punjab,NA-160(Bahawalnagar-I),PML (N),2024-02-29
Mr. Alam Dad Laleka,Punjab,NA-161(Bahawalnagar-II),PML (N),2024-02-29
Mr. Ehsan-ul-Haq Bajwa,Punjab,NA-162(Bahawalnagar-III),PML (N),2024-02-29
Mr. Muhammad Ijaz Ul Haq,Punjab,NA-163(Bahawalnagar-IV),PML (Z),2024-02-29
Mian Riaz Hussain Pirzada,Punjab,NA-164(Bahawalpur-I),PML (N),2024-02-29
Chaudhry Tariq Bashir Cheema,Punjab,NA-165(Bahawalpur-II),PML,2024-02-29
Makhdoom Syed Sami-ul-Hassan Gillani,Punjab,NA-166(Bahawalpur-III),PML (N),2024-02-29
Mr. Muhammad Usman Awaisi,Punjab,NA-167 (Bahawalpur-IV),PML (N),2024-02-29
Malik Muhammad Iqbal,Punjab,NA-168 (Bahawalpur-V),PML (N),2024-02-29
Syed Murtaza Mahmud,Punjab,NA-169 (Rahim Yar Khan-I),PPPP,2024-02-29
Mian Ghous Muhammad,Punjab,NA-170 (Rahim Yar Khan-II),SIC,2024-02-29
Makhdoom Tahir Rashid Ud Din,Punjab,NA-171 (Rahim Yar Khan-III),PPPP,2024-09-14
Mr. Javaid Iqbal Waraich,Punjab,NA-172 (Rahim Yar Khan-IV),SIC,2024-02-29
Syed Mustafa Mehmood,Punjab,NA-173 (Rahim Yar Khan-V),PPPP,2024-02-29
Mr.  Muhammad Azhar Khan Leghari,Punjab,NA-174 (Rahim Yar Khan-VI),PML (N),2024-02-29
Mr. Jamshaid Ahmad,Punjab,NA-175 (Muzaffargarh-I),SIC,2024-02-29
Nawabzada Iftikhar Ahmed Khan Babar,Punjab,NA-176 (Muzaffargarh-II),PPPP,2024-02-29
Mr.  Muhammad Moazzam Ali Khan,Punjab,NA-177 (Muzaffargarh-III),SIC,2024-02-29
Mr.  Aamir Talal Khan,Punjab,NA-178 (Muzaffargarh-IV),PML (N),2024-02-29
Mr.  Muhammad Shabbir Ali Qureshi,Punjab,NA-179 (Kot Addu-I),SIC,2024-02-29
Mr. Fiaz Hussain,Punjab,NA-180 (Kot Addu-II),SIC,2024-02-29
Ms.  Umber Majeed,Punjab,NA-181 (Layyah-I),SIC,2024-02-29
Mr. Awais Haider Jakhar,Punjab,NA-182 (Layyah-II),SIC,2024-02-29
Khawaja Sheraz Mehmood,Punjab,NA-183 (Taunsa),SIC,2024-02-29
Mr. Abdul Qadir Khan,Punjab,NA-184 (D.G.Khan-I),PML (N),2024-02-29
Ms. Zartaj Gul,Punjab,NA-185 (D.G.Khan-II),SIC,2024-02-29
Sardar Awais Ahmad Khan Leghari,Punjab,NA-186 (D.G.Khan-III),PML (N),2024-02-29
Mr. Ammar Ahmad Khan Leghari,Punjab,NA-187 (Rajanpur-I),PML (N),2024-02-29
Mr. Hafeez-ur-Rehman Khan Drishak,Punjab,NA-188 (Rajanpur-II),PML (N),2024-02-29
Mr. Shamsher Ali Mazari,Punjab,NA-189 (Rajanpur-III),PML (N),2024-02-29
Mr. Aijaz Hussain Jakhrani,Sindh,NA-190 (Jacobabad),PPPP,2024-02-29
Mr. Ali Jan Mazari,Sindh,NA-191 (Jacobabad-cum-Kashmore),PPPP,2024-02-29
Mir Shabbir Ali Bijarani,Sindh,NA-192 (Kashmore-cum-Shikarpur),PPPP,2024-02-29
Mr. Muhammad Shaharyar Khan Mahar,Sindh,NA-193 (Shikarpur),PPPP,2024-02-29
Mr. Bilawal Bhutto Zardari,Sindh,NA-194 (Larkana-I),PPPP,2024-02-29
Mr. Nazir Ahmed Bhugio,Sindh,NA-195 (Larkana-II),PPPP,2024-02-29
Mr. Khurshed Ahmed Junejo,Sindh,NA-196 (Kamber Shahdadkot-I),PPPP,2024-04-29
Mir Amer Ali Khan Magsi,Sindh,NA-197 (Kamber Shahdadkot-II),PPPP,2024-02-29
Mr.  Khalid Ahmed Khan Lund,Sindh,NA-198(Ghotki-I),PPPP,2024-02-29
Mr. Ali Gohar Khan Mahar,Sindh,NA-199(Ghotki-II),PPPP,2024-02-29
Mr. Nauman Islam Shaikh,Sindh,NA-200(Sukkur-I),PPPP,2024-02-29
Syed Khursheed Ahmed Shah,Sindh,NA-201(Sukkur-II),PPPP,2024-02-29
Dr. Nafisa Shah,Sindh,NA-202(Khairpur-I),PPPP,2024-02-29
Pir Syed Fazal Ali Shah Jillani,Sindh,NA-203(Khairpur-II),PPPP,2024-02-29
Syed Javed Ali Shah Jillani,Sindh,NA-204(Khairpur-III),PPPP,2024-02-29
Syed Abrar Ali Shah,Sindh,NA-205(Naushero Feroze-I),PPPP,2024-02-29
Mr. Zulfiqar Ali Behan,Sindh,NA-206(Naushero Feroze-II),PPPP,2024-02-29
Ms. Aseefa Bhutto Zardari,Sindh,NA-207(Shaheed Benazirabad-I),PPPP,2024-04-15
Syed Ghulam Mustafa Shah,Sindh,NA-208(Shaheed Benazirabad-II),PPPP,2024-02-29
Ms. Shazia Marri,Sindh,NA-209(Sanghar-I),PPPP,2024-02-29
Mr. Salahuddin Junejo,Sindh,NA-210(Sanghar-II),PPPP,2024-02-29
Pir Aftab Hussain Shah Jilani,Sindh,NA-211(Mirpurkhas-I),PPPP,2024-02-29
Mir Munawar Ali Talpur,Sindh,NA-212(Mirpurkhas-II),PPPP,2024-02-29
Nawab Muhammad Yousuf Talpur,Sindh,NA-213(Umerkot),PPPP,2024-02-29
Pir Ameer Ali Shah Jeelani,Sindh,NA-214(Tharparkar-I),PPPP,2024-02-29
Dr. Mahesh Kumar Malani,Sindh,NA-215(Tharparkar-II),PPPP,2024-02-29
Makhdoom Jamil-uz- Zaman,Sindh,NA-216(Matiari),PPPP,2024-02-29
Mr. Zulfiqar Sattar Bachani,Sindh,NA-217(Tando Allahyar),PPPP,2024-02-29
Syed Hussain Tariq,Sindh,NA-218(Hyderabad-I),PPPP,2024-02-29
Mr. Abdul Aleem Khan,Sindh,NA-219(Hyderabad-II),MQM,2024-02-29
Syed Waseem Hussain,Sindh,NA-220(Hyderabad-III),MQM,2024-02-29
Syed Naveed Qamar,Sindh,NA-221(Tando Muhammad Khan),PPPP,2024-02-29
Mir Ghulam Ali Talpur,Sindh,NA-222(Badin-I),PPPP,2024-02-29
Haji Rasool Bux Chandio,Sindh,NA-223(Badin-II),PPPP,2024-02-29
Syed Ayaz Ali Shah Sheerazi,Sindh,NA-224(Sujawal),PPPP,2024-02-29
Mr. Sadiq Ali Memon,Sindh,NA-225(Thatta),PPPP,2024-02-29
Malik Asad Sikandar,Sindh,NA-226(Jamshoro),PPPP,2024-02-29
Mr. Irfan Ali Leghari,Sindh,NA-227(Dadu-I),PPPP,2024-02-29
Mr. Rafiq Ahmed Jamali,Sindh,NA-228(Dadu-II),PPPP,2024-02-29
Jam Abdul Karim Bijar,Sindh,NA-229(Malir-I),PPPP,2024-02-29
Syed Rafiullah,Sindh,NA-230(Malir-II),PPPP,2024-02-29
Mr. Abdul Hakeem Baloch,Sindh,NA-231(Malir-III),PPPP,2024-02-29
Ms. Aasia Ishaque Siddiqui,Sindh,NA-232(Korangi Karachi-I),MQM,2024-02-29
Mr. Muhammad Jawed Hanif Khan,Sindh,NA-233(Korangi Karachi-II),MQM,2024-02-29
Mr. Muhammad Moin Aamer Pirzada,Sindh,NA-234(Korangi Karachi-III),MQM,2024-02-29
Mr. Muhammad Iqbal Khan,Sindh,NA-235 (Karachi East-I),MQM,2024-02-29
Mr. Hassaan Sabir,Sindh,NA-236 (Karachi East-II),MQM,2024-02-29
Mr. Asad Alam Niazi,Sindh,NA-237 (Karachi East-III),PPPP,2024-02-29
Mr. Sadiq Iftikhar,Sindh,NA-238 (Karachi East-IV),MQM,2024-02-29
Sardar Nabil Ahmed Gabol,Sindh,NA-239 (Karachi South-I),PPPP,2024-02-29
Mr. Arshad Abdullah Vohra,Sindh,NA-240 (Karachi South-II),MQM,2024-02-29
Mirza Ikhtiar Baig,Sindh,NA-241 (Karachi South-III),PPPP,2024-02-29
Syed Mustufa Kamal,Sindh,NA-242 (Karachi Keamari-I),MQM,2024-02-29
Mr. Abdul Qadir Patel,Sindh,NA-243 (Karachi Keamari-II),PPPP,2024-02-29
Dr. Muhammad Farooq Sattar,Sindh,NA-244 (Karachi West-I),MQM,2024-02-29
Syed Hafeezuddin,Sindh,NA-245 (Karachi West-II),MQM,2024-02-29
Syed Amin-ul-Haque,Sindh,NA-246 (Karachi West-III),MQM,2024-02-29
Khawaja Izhar-ul-Hassan,Sindh,NA-247 (Karachi Central-I),MQM,2024-02-29
Dr. Khalid Maqbool Siddiqui,Sindh,NA-248 (Karachi Central-II),MQM,2024-02-29
Mr. Ahmed Saleem Siddiqui,Sindh,NA-249 (Karachi Central-III),MQM,2024-02-29
Mr. Farhan Chishti,Sindh,NA-250 (Karachi Central-IV),MQM,2024-02-29
Sayed Sami Ullah,Balochistan,NA-251 (Sherani-cum-Zhob-cum-Killa Saifullah),JUI (P),2024-02-29
Sardar Muhammad Yaqoob Khan Nasar,Balochistan,NA-252 (Musa Khail-cum-Barkhan-cum-Loralai-cum-Dukki),PML (N),2024-02-29
Mian Khan Bugti,Balochistan,NA-253 (Ziarat-cum-Harnai-cum-Sibi-cum-Kohlu-cum-Dera Bugti),PML (N),2024-02-29
Mr. Khalid Hussain Magsi,Balochistan,NA-254 (Jhal Magsi-cum-Kachhi-cum-Naseerabad),BAP,2024-02-29
Mir Khan Muhammad Jamali,Balochistan,NA-255 (Shobat Pur-cum-Jaffarabad-cum-Usta Muhammad-cum-Naseerabad),PML (N),2024-02-29
Mr. Muhammad Akhtar Mengal,Balochistan,NA-256 (Khuzdar),BNP,2024-02-29
Mr. Jam Kamal Khan,Balochistan,NA-257 (Hub-cum-Lasbela-cum-Awaran),PML (N),2024-03-03
Mr. Pullain,Balochistan,NA-258 (Panjgur-cum-Kech),NP,2024-02-29
Malik Shah,Balochistan,NA-259 (Lech-cum-Gawadar),PPPP,2024-02-29
Mr. Mohammad Usman Badini,Balochistan,NA-260 (Chagai-cum-Nushki-cum-Kharan-cum-Washuk),JUI (P),2024-02-29
Moulana Abdul Ghafoor Haideri,Balochistan,NA-261 (Surab-cum-Kalat-cum-Mastung),JUI (P),2024-02-29
Mr. Adil Khan Bazai,Balochistan,NA-262 (Quetta-I),PML (N),2024-02-29
Haji Jamal Shah Kakar,Balochistan,NA-263 (Quetta-II),PML (N),2024-02-29
Nawabzada Mir Jamal Khan Raisani,Balochistan,NA-264 (Quetta-III),PPPP,2024-02-29
Moulana Fazl-ur-Rahman,Balochistan,NA-265 (Pishin),JUI (P),2024-02-29
Mr. Mehmood Khan Achakzai,Balochistan,NA-266 (Killa Abdullah-cum-Chaman),PKMAP,2024-02-29
Ms. Shaista Khan,Khyber Pukhtunkhwa,Reserved for Women,PML (N),2024-02-29
Shahida Begum,Khyber Pukhtunkhwa,Reserved for Women,JUI (P),2024-02-29
Ms.  Tahira Aurangzeb,Punjab,Reserved for Women,PML (N),2024-02-29
Ms. Shaista Pervaiz,Punjab,Reserved for Women,PML (N),2024-02-29
Ms. Muneeba Iqbal,Punjab,Reserved for Women,PML (N),2024-03-01
Ms. Nuzhat Sadiq,Punjab,Reserved for Women,PML (N),2024-02-29
Ms. Musarrat Asif Khawaja,Punjab,Reserved for Women,PML (N),2024-02-29
Ms. Seema Mohi ud Din Jameeli,Punjab,Reserved for Women,PML (N),2024-02-29
Ms. Shaza Fatima Khawaja,Punjab,Reserved for Women,PML (N),2024-02-29
Ms. Romina Khurshid Alam,Punjab,Reserved for Women,PML (N),2024-02-29
Ms. Wajiha Qamar,Punjab,Reserved for Women,PML (N),2024-02-29
Ms. Zeb Jaffar,Punjab,Reserved for Women,PML (N),2024-02-29
Ms. Kiran lmran Dar,Punjab,Reserved for Women,PML (N),2024-02-29
Ms. Zahra Wadood Fatemi,Punjab,Reserved for Women,PML (N),2024-02-29
Ms. Asia Naz Tanoli,Punjab,Reserved for Women,PML (N),2024-02-29
Ms. Saba Sadiq,Punjab,Reserved for Women,PML (N),2024-02-29
Ms. Farah Naz Akbar,Punjab,Reserved for Women,PML (N),2024-02-29
Ms. Shahnaz Saleem Malik,Punjab,Reserved for Women,PML (N),2024-02-29
Ms. Hina Rabbani Khar,Punjab,Reserved for Women,PPPP,2024-02-29
Ms. Munaza Hassan,Punjab,Reserved for Women,IPP,2024-02-29
Ms. Farakh Khan,Punjab,Reserved for Women,PML,2024-02-29
Ms. Zainab Mehmood Baloch,Punjab,Reserved for Women,PML (N),2024-06-07
Ms. Sehar Kamran,Sindh,Reserved for Women,PPPP,2024-02-29
Ms.  Sharmila Sahiba Faruqui Hashaam,Sindh,Reserved for Women,PPPP,2024-02-29
Ms. Shagufta Jumani,Sindh,Reserved for Women,PPPP,2024-02-29
Ms. Shahida Rehmani,Sindh,Reserved for Women,PPPP,2024-02-29
Ms. Syeda Shehla Raza,Sindh,Reserved for Women,PPPP,2024-02-29
Ms. Mahtab Akbar Rashdi,Sindh,Reserved for Women,PPPP,2024-02-29
Ms. Mussarat Rafique Mahesar,Sindh,Reserved for Women,PPPP,2024-02-29
Ms. Mahreen Razzaq Bhutto,Sindh,Reserved for Women,PPPP,2024-02-29
Dr. Shazia Sobia Aslam Soomro,Sindh,Reserved for Women,PPPP,2024-02-29
Ms. Naz Baloch,Sindh,Reserved for Women,PPPP,2024-02-29
Ms.  Nikhat Shakeel Khan,Sindh,Reserved for Women,MQM,2024-02-29
Ms. Sabheen Ghoury,Sindh,Reserved for Women,MQM,2024-02-29
Ms.  Rana Ansar,Sindh,Reserved for Women,MQM,2024-02-29
Ms. Sofia Saeed Shah,Sindh,Reserved for Women,MQM,2024-04-01
Ms.  Izbal Zehri,Balochistan,Reserved for Women,PPPP,2024-02-29
Ms. Kiran Haider,Balochistan,Reserved for Women,PML (N),2024-02-29
Ms. Akhtar Bibi,Balochistan,Reserved for Women,PML (N),2024-02-29
Ms. Aliya Kamran,Balochistan,Reserved for Women,JUI (P),2024-02-29
Kesoo Mal Kheal Das,Reserved for Minorities,Reserved for Minorities,PML (N),2024-02-29
Dr. Darshan,Reserved for Minorities,Reserved for Minorities,PML (N),2024-02-29
Nelson Azeem,Reserved for Minorities,Reserved for Minorities,PML (N),2024-02-29
Isphanyar M. Bhandara,Reserved for Minorities,Reserved for Minorities,PML (N),2024-02-29
Ramesh Lal,Reserved for Minorities,Reserved for Minorities,PPPP,2024-02-29
Naveed Aamir,Reserved for Minorities,Reserved for Minorities,PPPP,2024-02-29
Mohan Manjiani,Reserved for Minorities,Reserved for Minorities,MQM,2024-02-29
